event	round	period	count	skid	ip	error
br_inst_retired.conditional:u	1	1000000	1000021	21	0x400b46	
br_inst_retired.conditional:u	2	1000000	1000021	21	0x400b46	
br_inst_retired.conditional:u	3	1000000	1000021	21	0x400b44	
br_inst_retired.conditional:u	4	1000000	1000021	21	0x400b46	
br_inst_retired.conditional:u	5	1000000	1000021	21	0x400b46	
br_inst_retired.conditional:u	6	1000000	1000021	21	0x400b46	
br_inst_retired.conditional:u	7	1000000	1000020	20	0x400c6c	
br_inst_retired.conditional:u	8	1000000	1000021	21	0x400b42	
br_inst_retired.conditional:u	9	1000000	1000021	21	0x400b46	
br_inst_retired.conditional:u	10	1000000	1000021	21	0x400b46	
br_inst_retired.conditional:u	11	1000000	1000021	21	0x400b46	
br_inst_retired.conditional:u	12	1000000	1000021	21	0x400b46	
br_inst_retired.conditional:u	13	1000000	1000020	20	0x400c6c	
br_inst_retired.conditional:u	14	1000000	1000021	21	0x400b46	
br_inst_retired.conditional:u	15	1000000	1000020	20	0x400c6c	
br_inst_retired.conditional:u	16	1000000	1000021	21	0x400b46	
br_inst_retired.conditional:u	17	1000000	1000021	21	0x400b46	
br_inst_retired.conditional:u	18	1000000	1000020	20	0x400c6c	
br_inst_retired.conditional:u	19	1000000	1000021	21	0x400b46	
br_inst_retired.conditional:u	20	1000000	1000021	21	0x400b3e	
