event	round	count	exit
l2_rqsts.all_demand_miss:u	1	597563	0
l2_rqsts.all_demand_miss:u	2	600139	0
fp_arith_inst_retired.vector:u	1	6000000	0
fp_arith_inst_retired.vector:u	2	6000000	0
fp_arith_inst_retired.vector:u	3	6000000	0
fp_arith_inst_retired.vector:u	4	6000000	0
fp_arith_inst_retired.vector:u	5	6000000	0
fp_arith_inst_retired.vector:u	6	6000000	0
fp_arith_inst_retired.vector:u	7	6000000	0
fp_arith_inst_retired.vector:u	8	6000000	0
fp_arith_inst_retired.vector:u	9	6000000	0
fp_arith_inst_retired.vector:u	10	6000000	0
fp_arith_inst_retired.vector:u	11	6000000	0
fp_arith_inst_retired.vector:u	12	6000000	0
fp_arith_inst_retired.vector:u	13	6000000	0
fp_arith_inst_retired.vector:u	14	6000000	0
fp_arith_inst_retired.vector:u	15	6000000	0
fp_arith_inst_retired.vector:u	16	6000000	0
fp_arith_inst_retired.vector:u	17	6000000	0
fp_arith_inst_retired.vector:u	18	6000000	0
fp_arith_inst_retired.vector:u	19	6000000	0
fp_arith_inst_retired.vector:u	20	6000000	0
fp_arith_inst_retired.vector:u	21	6000000	0
fp_arith_inst_retired.vector:u	22	6000000	0
fp_arith_inst_retired.vector:u	23	6000000	0
fp_arith_inst_retired.vector:u	24	6000000	0
fp_arith_inst_retired.vector:u	25	6000000	0
fp_arith_inst_retired.vector:u	26	6000000	0
fp_arith_inst_retired.vector:u	27	6000000	0
fp_arith_inst_retired.vector:u	28	6000000	0
fp_arith_inst_retired.vector:u	29	6000000	0
fp_arith_inst_retired.vector:u	30	6000000	0
fp_arith_inst_retired.vector:u	31	6000000	0
fp_arith_inst_retired.vector:u	32	6000000	0
fp_arith_inst_retired.vector:u	33	6000000	0
fp_arith_inst_retired.vector:u	34	6000000	0
fp_arith_inst_retired.vector:u	35	6000000	0
fp_arith_inst_retired.vector:u	36	6000000	0
fp_arith_inst_retired.vector:u	37	6000000	0
fp_arith_inst_retired.vector:u	38	6000000	0
fp_arith_inst_retired.vector:u	39	6000000	0
fp_arith_inst_retired.vector:u	40	6000000	0
fp_arith_inst_retired.vector:u	41	6000000	0
fp_arith_inst_retired.vector:u	42	6000000	0
fp_arith_inst_retired.vector:u	43	6000000	0
fp_arith_inst_retired.vector:u	44	6000000	0
fp_arith_inst_retired.vector:u	45	6000000	0
fp_arith_inst_retired.vector:u	46	6000000	0
fp_arith_inst_retired.vector:u	47	6000000	0
fp_arith_inst_retired.vector:u	48	6000000	0
fp_arith_inst_retired.vector:u	49	6000000	0
fp_arith_inst_retired.vector:u	50	6000000	0
fp_arith_inst_retired.vector:u	51	6000000	0
fp_arith_inst_retired.vector:u	52	6000000	0
fp_arith_inst_retired.vector:u	53	6000000	0
fp_arith_inst_retired.vector:u	54	6000000	0
fp_arith_inst_retired.vector:u	55	6000000	0
fp_arith_inst_retired.vector:u	56	6000000	0
fp_arith_inst_retired.vector:u	57	6000000	0
fp_arith_inst_retired.vector:u	58	6000000	0
fp_arith_inst_retired.vector:u	59	6000000	0
fp_arith_inst_retired.vector:u	60	6000000	0
fp_arith_inst_retired.vector:u	61	6000000	0
fp_arith_inst_retired.vector:u	62	6000000	0
fp_arith_inst_retired.vector:u	63	6000000	0
fp_arith_inst_retired.vector:u	64	6000000	0
fp_arith_inst_retired.vector:u	65	6000000	0
fp_arith_inst_retired.vector:u	66	6000000	0
fp_arith_inst_retired.vector:u	67	6000000	0
fp_arith_inst_retired.vector:u	68	6000000	0
fp_arith_inst_retired.vector:u	69	6000000	0
fp_arith_inst_retired.vector:u	70	6000000	0
fp_arith_inst_retired.vector:u	71	6000000	0
fp_arith_inst_retired.vector:u	72	6000000	0
fp_arith_inst_retired.vector:u	73	6000000	0
fp_arith_inst_retired.vector:u	74	6000000	0
fp_arith_inst_retired.vector:u	75	6000000	0
fp_arith_inst_retired.vector:u	76	6000000	0
fp_arith_inst_retired.vector:u	77	6000000	0
fp_arith_inst_retired.vector:u	78	6000000	0
fp_arith_inst_retired.vector:u	79	6000000	0
fp_arith_inst_retired.vector:u	80	6000000	0
fp_arith_inst_retired.vector:u	81	6000000	0
fp_arith_inst_retired.vector:u	82	6000000	0
fp_arith_inst_retired.vector:u	83	6000000	0
fp_arith_inst_retired.vector:u	84	6000000	0
fp_arith_inst_retired.vector:u	85	6000000	0
fp_arith_inst_retired.vector:u	86	6000000	0
fp_arith_inst_retired.vector:u	87	6000000	0
fp_arith_inst_retired.vector:u	88	6000000	0
fp_arith_inst_retired.vector:u	89	6000000	0
fp_arith_inst_retired.vector:u	90	6000000	0
fp_arith_inst_retired.vector:u	91	6000000	0
fp_arith_inst_retired.vector:u	92	6000000	0
fp_arith_inst_retired.vector:u	93	6000000	0
fp_arith_inst_retired.vector:u	94	6000000	0
fp_arith_inst_retired.vector:u	95	6000000	0
fp_arith_inst_retired.vector:u	96	6000000	0
fp_arith_inst_retired.vector:u	97	6000000	0
fp_arith_inst_retired.vector:u	98	6000000	0
fp_arith_inst_retired.vector:u	99	6000000	0
fp_arith_inst_retired.vector:u	100	6000000	0
fp_arith_inst_retired.vector:u	101	6000000	0
fp_arith_inst_retired.vector:u	102	6000000	0
fp_arith_inst_retired.vector:u	103	6000000	0
fp_arith_inst_retired.vector:u	104	6000000	0
fp_arith_inst_retired.vector:u	105	6000000	0
fp_arith_inst_retired.vector:u	106	6000000	0
fp_arith_inst_retired.vector:u	107	6000000	0
fp_arith_inst_retired.vector:u	108	6000000	0
fp_arith_inst_retired.vector:u	109	6000000	0
fp_arith_inst_retired.vector:u	110	6000000	0
fp_arith_inst_retired.vector:u	111	6000000	0
fp_arith_inst_retired.vector:u	112	6000000	0
fp_arith_inst_retired.vector:u	113	6000000	0
fp_arith_inst_retired.vector:u	114	6000000	0
fp_arith_inst_retired.vector:u	115	6000000	0
fp_arith_inst_retired.vector:u	116	6000000	0
fp_arith_inst_retired.vector:u	117	6000000	0
fp_arith_inst_retired.vector:u	118	6000000	0
fp_arith_inst_retired.vector:u	119	6000000	0
fp_arith_inst_retired.vector:u	120	6000000	0
fp_arith_inst_retired.vector:u	121	6000000	0
fp_arith_inst_retired.vector:u	122	6000000	0
fp_arith_inst_retired.vector:u	123	6000000	0
fp_arith_inst_retired.vector:u	124	6000000	0
fp_arith_inst_retired.vector:u	125	6000000	0
fp_arith_inst_retired.vector:u	126	6000000	0
fp_arith_inst_retired.vector:u	127	6000000	0
fp_arith_inst_retired.vector:u	128	6000000	0
fp_arith_inst_retired.vector:u	129	6000000	0
fp_arith_inst_retired.vector:u	130	6000000	0
fp_arith_inst_retired.vector:u	131	6000000	0
fp_arith_inst_retired.vector:u	132	6000000	0
fp_arith_inst_retired.vector:u	133	6000000	0
fp_arith_inst_retired.vector:u	134	6000000	0
fp_arith_inst_retired.vector:u	135	6000000	0
fp_arith_inst_retired.vector:u	136	6000000	0
fp_arith_inst_retired.vector:u	137	6000000	0
fp_arith_inst_retired.vector:u	138	6000000	0
fp_arith_inst_retired.vector:u	139	6000000	0
fp_arith_inst_retired.vector:u	140	6000000	0
fp_arith_inst_retired.vector:u	141	6000000	0
fp_arith_inst_retired.vector:u	142	6000000	0
fp_arith_inst_retired.vector:u	143	6000000	0
fp_arith_inst_retired.vector:u	144	6000000	0
fp_arith_inst_retired.vector:u	145	6000000	0
fp_arith_inst_retired.vector:u	146	6000000	0
fp_arith_inst_retired.vector:u	147	6000000	0
fp_arith_inst_retired.vector:u	148	6000000	0
fp_arith_inst_retired.vector:u	149	6000000	0
fp_arith_inst_retired.vector:u	150	6000000	0
fp_arith_inst_retired.vector:u	151	6000000	0
fp_arith_inst_retired.vector:u	152	6000000	0
fp_arith_inst_retired.vector:u	153	6000000	0
fp_arith_inst_retired.vector:u	154	6000000	0
fp_arith_inst_retired.vector:u	155	6000000	0
fp_arith_inst_retired.vector:u	156	6000000	0
fp_arith_inst_retired.vector:u	157	6000000	0
fp_arith_inst_retired.vector:u	158	6000000	0
fp_arith_inst_retired.vector:u	159	6000000	0
fp_arith_inst_retired.vector:u	160	6000000	0
fp_arith_inst_retired.vector:u	161	6000000	0
fp_arith_inst_retired.vector:u	162	6000000	0
fp_arith_inst_retired.vector:u	163	6000000	0
fp_arith_inst_retired.vector:u	164	6000000	0
fp_arith_inst_retired.vector:u	165	6000000	0
fp_arith_inst_retired.vector:u	166	6000000	0
fp_arith_inst_retired.vector:u	167	6000000	0
fp_arith_inst_retired.vector:u	168	6000000	0
fp_arith_inst_retired.vector:u	169	6000000	0
fp_arith_inst_retired.vector:u	170	6000000	0
fp_arith_inst_retired.vector:u	171	6000000	0
fp_arith_inst_retired.vector:u	172	6000000	0
fp_arith_inst_retired.vector:u	173	6000000	0
fp_arith_inst_retired.vector:u	174	6000000	0
fp_arith_inst_retired.vector:u	175	6000000	0
fp_arith_inst_retired.vector:u	176	6000000	0
fp_arith_inst_retired.vector:u	177	6000000	0
fp_arith_inst_retired.vector:u	178	6000000	0
fp_arith_inst_retired.vector:u	179	6000000	0
fp_arith_inst_retired.vector:u	180	6000000	0
fp_arith_inst_retired.vector:u	181	6000000	0
fp_arith_inst_retired.vector:u	182	6000000	0
fp_arith_inst_retired.vector:u	183	6000000	0
fp_arith_inst_retired.vector:u	184	6000000	0
fp_arith_inst_retired.vector:u	185	6000000	0
fp_arith_inst_retired.vector:u	186	6000000	0
fp_arith_inst_retired.vector:u	187	6000000	0
fp_arith_inst_retired.vector:u	188	6000000	0
fp_arith_inst_retired.vector:u	189	6000000	0
fp_arith_inst_retired.vector:u	190	6000000	0
fp_arith_inst_retired.vector:u	191	6000000	0
fp_arith_inst_retired.vector:u	192	6000000	0
fp_arith_inst_retired.vector:u	193	6000000	0
fp_arith_inst_retired.vector:u	194	6000000	0
fp_arith_inst_retired.vector:u	195	6000000	0
fp_arith_inst_retired.vector:u	196	6000000	0
fp_arith_inst_retired.vector:u	197	6000000	0
fp_arith_inst_retired.vector:u	198	6000000	0
fp_arith_inst_retired.vector:u	199	6000000	0
fp_arith_inst_retired.vector:u	200	6000000	0
fp_arith_inst_retired.vector:u	201	6000000	0
fp_arith_inst_retired.vector:u	202	6000000	0
fp_arith_inst_retired.vector:u	203	6000000	0
fp_arith_inst_retired.vector:u	204	6000000	0
fp_arith_inst_retired.vector:u	205	6000000	0
fp_arith_inst_retired.vector:u	206	6000000	0
fp_arith_inst_retired.vector:u	207	6000000	0
fp_arith_inst_retired.vector:u	208	6000000	0
fp_arith_inst_retired.vector:u	209	6000000	0
fp_arith_inst_retired.vector:u	210	6000000	0
fp_arith_inst_retired.vector:u	211	6000000	0
fp_arith_inst_retired.vector:u	212	6000000	0
fp_arith_inst_retired.vector:u	213	6000000	0
fp_arith_inst_retired.vector:u	214	6000000	0
fp_arith_inst_retired.vector:u	215	6000000	0
fp_arith_inst_retired.vector:u	216	6000000	0
fp_arith_inst_retired.vector:u	217	6000000	0
fp_arith_inst_retired.vector:u	218	6000000	0
fp_arith_inst_retired.vector:u	219	6000000	0
fp_arith_inst_retired.vector:u	220	6000000	0
fp_arith_inst_retired.vector:u	221	6000000	0
fp_arith_inst_retired.vector:u	222	6000000	0
fp_arith_inst_retired.vector:u	223	6000000	0
fp_arith_inst_retired.vector:u	224	6000000	0
fp_arith_inst_retired.vector:u	225	6000000	0
fp_arith_inst_retired.vector:u	226	6000000	0
fp_arith_inst_retired.vector:u	227	6000000	0
fp_arith_inst_retired.vector:u	228	6000000	0
fp_arith_inst_retired.vector:u	229	6000000	0
fp_arith_inst_retired.vector:u	230	6000000	0
fp_arith_inst_retired.vector:u	231	6000000	0
fp_arith_inst_retired.vector:u	232	6000000	0
fp_arith_inst_retired.vector:u	233	6000000	0
fp_arith_inst_retired.vector:u	234	6000000	0
fp_arith_inst_retired.vector:u	235	6000000	0
fp_arith_inst_retired.vector:u	236	6000000	0
fp_arith_inst_retired.vector:u	237	6000000	0
fp_arith_inst_retired.vector:u	238	6000000	0
fp_arith_inst_retired.vector:u	239	6000000	0
fp_arith_inst_retired.vector:u	240	6000000	0
fp_arith_inst_retired.vector:u	241	6000000	0
fp_arith_inst_retired.vector:u	242	6000000	0
fp_arith_inst_retired.vector:u	243	6000000	0
fp_arith_inst_retired.vector:u	244	6000000	0
fp_arith_inst_retired.vector:u	245	6000000	0
fp_arith_inst_retired.vector:u	246	6000000	0
fp_arith_inst_retired.vector:u	247	6000000	0
fp_arith_inst_retired.vector:u	248	6000000	0
fp_arith_inst_retired.vector:u	249	6000000	0
fp_arith_inst_retired.vector:u	250	6000000	0
fp_arith_inst_retired.vector:u	251	6000000	0
fp_arith_inst_retired.vector:u	252	6000000	0
fp_arith_inst_retired.vector:u	253	6000000	0
fp_arith_inst_retired.vector:u	254	6000000	0
fp_arith_inst_retired.vector:u	255	6000000	0
fp_arith_inst_retired.vector:u	256	6000000	0
fp_arith_inst_retired.vector:u	257	6000000	0
fp_arith_inst_retired.vector:u	258	6000000	0
fp_arith_inst_retired.vector:u	259	6000000	0
fp_arith_inst_retired.vector:u	260	6000000	0
fp_arith_inst_retired.vector:u	261	6000000	0
fp_arith_inst_retired.vector:u	262	6000000	0
fp_arith_inst_retired.vector:u	263	6000000	0
fp_arith_inst_retired.vector:u	264	6000000	0
fp_arith_inst_retired.vector:u	265	6000000	0
fp_arith_inst_retired.vector:u	266	6000000	0
fp_arith_inst_retired.vector:u	267	6000000	0
fp_arith_inst_retired.vector:u	268	6000000	0
fp_arith_inst_retired.vector:u	269	6000000	0
fp_arith_inst_retired.vector:u	270	6000000	0
fp_arith_inst_retired.vector:u	271	6000000	0
fp_arith_inst_retired.vector:u	272	6000000	0
fp_arith_inst_retired.vector:u	273	6000000	0
fp_arith_inst_retired.vector:u	274	6000000	0
fp_arith_inst_retired.vector:u	275	6000000	0
fp_arith_inst_retired.vector:u	276	6000000	0
fp_arith_inst_retired.vector:u	277	6000000	0
fp_arith_inst_retired.vector:u	278	6000000	0
fp_arith_inst_retired.vector:u	279	6000000	0
fp_arith_inst_retired.vector:u	280	6000000	0
fp_arith_inst_retired.vector:u	281	6000000	0
fp_arith_inst_retired.vector:u	282	6000000	0
fp_arith_inst_retired.vector:u	283	6000000	0
fp_arith_inst_retired.vector:u	284	6000000	0
fp_arith_inst_retired.vector:u	285	6000000	0
fp_arith_inst_retired.vector:u	286	6000000	0
fp_arith_inst_retired.vector:u	287	6000000	0
fp_arith_inst_retired.vector:u	288	6000000	0
fp_arith_inst_retired.vector:u	289	6000000	0
fp_arith_inst_retired.vector:u	290	6000000	0
fp_arith_inst_retired.vector:u	291	6000000	0
fp_arith_inst_retired.vector:u	292	6000000	0
fp_arith_inst_retired.vector:u	293	6000000	0
fp_arith_inst_retired.vector:u	294	6000000	0
fp_arith_inst_retired.vector:u	295	6000000	0
fp_arith_inst_retired.vector:u	296	6000000	0
fp_arith_inst_retired.vector:u	297	6000000	0
fp_arith_inst_retired.vector:u	298	6000000	0
fp_arith_inst_retired.vector:u	299	6000000	0
fp_arith_inst_retired.vector:u	300	6000000	0
fp_arith_inst_retired.vector:u	301	6000000	0
fp_arith_inst_retired.vector:u	302	6000000	0
fp_arith_inst_retired.vector:u	303	6000000	0
fp_arith_inst_retired.vector:u	304	6000000	0
fp_arith_inst_retired.vector:u	305	6000000	0
fp_arith_inst_retired.vector:u	306	6000000	0
fp_arith_inst_retired.vector:u	307	6000000	0
fp_arith_inst_retired.vector:u	308	6000000	0
fp_arith_inst_retired.vector:u	309	6000000	0
fp_arith_inst_retired.vector:u	310	6000000	0
fp_arith_inst_retired.vector:u	311	6000000	0
fp_arith_inst_retired.vector:u	312	6000000	0
fp_arith_inst_retired.vector:u	313	6000000	0
fp_arith_inst_retired.vector:u	314	6000000	0
fp_arith_inst_retired.vector:u	315	6000000	0
fp_arith_inst_retired.vector:u	316	6000000	0
fp_arith_inst_retired.vector:u	317	6000000	0
fp_arith_inst_retired.vector:u	318	6000000	0
fp_arith_inst_retired.vector:u	319	6000000	0
fp_arith_inst_retired.vector:u	320	6000000	0
fp_arith_inst_retired.vector:u	321	6000000	0
fp_arith_inst_retired.vector:u	322	6000000	0
fp_arith_inst_retired.vector:u	323	6000000	0
fp_arith_inst_retired.vector:u	324	6000000	0
fp_arith_inst_retired.vector:u	325	6000000	0
fp_arith_inst_retired.vector:u	326	6000000	0
fp_arith_inst_retired.vector:u	327	6000000	0
fp_arith_inst_retired.vector:u	328	6000000	0
fp_arith_inst_retired.vector:u	329	6000000	0
fp_arith_inst_retired.vector:u	330	6000000	0
fp_arith_inst_retired.vector:u	331	6000000	0
fp_arith_inst_retired.vector:u	332	6000000	0
fp_arith_inst_retired.vector:u	333	6000000	0
fp_arith_inst_retired.vector:u	334	6000000	0
fp_arith_inst_retired.vector:u	335	6000000	0
fp_arith_inst_retired.vector:u	336	6000000	0
fp_arith_inst_retired.vector:u	337	6000000	0
fp_arith_inst_retired.vector:u	338	6000000	0
fp_arith_inst_retired.vector:u	339	6000000	0
fp_arith_inst_retired.vector:u	340	6000000	0
fp_arith_inst_retired.vector:u	341	6000000	0
fp_arith_inst_retired.vector:u	342	6000000	0
fp_arith_inst_retired.vector:u	343	6000000	0
fp_arith_inst_retired.vector:u	344	6000000	0
fp_arith_inst_retired.vector:u	345	6000000	0
fp_arith_inst_retired.vector:u	346	6000000	0
fp_arith_inst_retired.vector:u	347	6000000	0
fp_arith_inst_retired.vector:u	348	6000000	0
fp_arith_inst_retired.vector:u	349	6000000	0
fp_arith_inst_retired.vector:u	350	6000000	0
fp_arith_inst_retired.vector:u	351	6000000	0
fp_arith_inst_retired.vector:u	352	6000000	0
fp_arith_inst_retired.vector:u	353	6000000	0
fp_arith_inst_retired.vector:u	354	6000000	0
fp_arith_inst_retired.vector:u	355	6000000	0
fp_arith_inst_retired.vector:u	356	6000000	0
fp_arith_inst_retired.vector:u	357	6000000	0
fp_arith_inst_retired.vector:u	358	6000000	0
fp_arith_inst_retired.vector:u	359	6000000	0
fp_arith_inst_retired.vector:u	360	6000000	0
fp_arith_inst_retired.vector:u	361	6000000	0
fp_arith_inst_retired.vector:u	362	6000000	0
fp_arith_inst_retired.vector:u	363	6000000	0
fp_arith_inst_retired.vector:u	364	6000000	0
fp_arith_inst_retired.vector:u	365	6000000	0
fp_arith_inst_retired.vector:u	366	6000000	0
fp_arith_inst_retired.vector:u	367	6000000	0
fp_arith_inst_retired.vector:u	368	6000000	0
fp_arith_inst_retired.vector:u	369	6000000	0
fp_arith_inst_retired.vector:u	370	6000000	0
fp_arith_inst_retired.vector:u	371	6000000	0
fp_arith_inst_retired.vector:u	372	6000000	0
fp_arith_inst_retired.vector:u	373	6000000	0
fp_arith_inst_retired.vector:u	374	6000000	0
fp_arith_inst_retired.vector:u	375	6000000	0
fp_arith_inst_retired.vector:u	376	6000000	0
fp_arith_inst_retired.vector:u	377	6000000	0
fp_arith_inst_retired.vector:u	378	6000000	0
fp_arith_inst_retired.vector:u	379	6000000	0
fp_arith_inst_retired.vector:u	380	6000000	0
fp_arith_inst_retired.vector:u	381	6000000	0
fp_arith_inst_retired.vector:u	382	6000000	0
fp_arith_inst_retired.vector:u	383	6000000	0
fp_arith_inst_retired.vector:u	384	6000000	0
fp_arith_inst_retired.vector:u	385	6000000	0
fp_arith_inst_retired.vector:u	386	6000000	0
fp_arith_inst_retired.vector:u	387	6000000	0
fp_arith_inst_retired.vector:u	388	6000000	0
fp_arith_inst_retired.vector:u	389	6000000	0
fp_arith_inst_retired.vector:u	390	6000000	0
fp_arith_inst_retired.vector:u	391	6000000	0
fp_arith_inst_retired.vector:u	392	6000000	0
fp_arith_inst_retired.vector:u	393	6000000	0
fp_arith_inst_retired.vector:u	394	6000000	0
fp_arith_inst_retired.vector:u	395	6000000	0
fp_arith_inst_retired.vector:u	396	6000000	0
fp_arith_inst_retired.vector:u	397	6000000	0
fp_arith_inst_retired.vector:u	398	6000000	0
fp_arith_inst_retired.vector:u	399	6000000	0
fp_arith_inst_retired.vector:u	400	6000000	0
fp_arith_inst_retired.vector:u	401	6000000	0
fp_arith_inst_retired.vector:u	402	6000000	0
fp_arith_inst_retired.vector:u	403	6000000	0
fp_arith_inst_retired.vector:u	404	6000000	0
fp_arith_inst_retired.vector:u	405	6000000	0
fp_arith_inst_retired.vector:u	406	6000000	0
fp_arith_inst_retired.vector:u	407	6000000	0
fp_arith_inst_retired.vector:u	408	6000000	0
fp_arith_inst_retired.vector:u	409	6000000	0
fp_arith_inst_retired.vector:u	410	6000000	0
fp_arith_inst_retired.vector:u	411	6000000	0
fp_arith_inst_retired.vector:u	412	6000000	0
fp_arith_inst_retired.vector:u	413	6000000	0
fp_arith_inst_retired.vector:u	414	6000000	0
fp_arith_inst_retired.vector:u	415	6000000	0
fp_arith_inst_retired.vector:u	416	6000000	0
fp_arith_inst_retired.vector:u	417	6000000	0
fp_arith_inst_retired.vector:u	418	6000000	0
fp_arith_inst_retired.vector:u	419	6000000	0
fp_arith_inst_retired.vector:u	420	6000000	0
fp_arith_inst_retired.vector:u	421	6000000	0
fp_arith_inst_retired.vector:u	422	6000000	0
fp_arith_inst_retired.vector:u	423	6000000	0
fp_arith_inst_retired.vector:u	424	6000000	0
fp_arith_inst_retired.vector:u	425	6000000	0
fp_arith_inst_retired.vector:u	426	6000000	0
fp_arith_inst_retired.vector:u	427	6000000	0
fp_arith_inst_retired.vector:u	428	6000000	0
fp_arith_inst_retired.vector:u	429	6000000	0
fp_arith_inst_retired.vector:u	430	6000000	0
fp_arith_inst_retired.vector:u	431	6000000	0
fp_arith_inst_retired.vector:u	432	6000000	0
fp_arith_inst_retired.vector:u	433	6000000	0
fp_arith_inst_retired.vector:u	434	6000000	0
fp_arith_inst_retired.vector:u	435	6000000	0
fp_arith_inst_retired.vector:u	436	6000000	0
fp_arith_inst_retired.vector:u	437	6000000	0
fp_arith_inst_retired.vector:u	438	6000000	0
fp_arith_inst_retired.vector:u	439	6000000	0
fp_arith_inst_retired.vector:u	440	6000000	0
fp_arith_inst_retired.vector:u	441	6000000	0
fp_arith_inst_retired.vector:u	442	6000000	0
fp_arith_inst_retired.vector:u	443	6000000	0
fp_arith_inst_retired.vector:u	444	6000000	0
fp_arith_inst_retired.vector:u	445	6000000	0
fp_arith_inst_retired.vector:u	446	6000000	0
fp_arith_inst_retired.vector:u	447	6000000	0
fp_arith_inst_retired.vector:u	448	6000000	0
fp_arith_inst_retired.vector:u	449	6000000	0
fp_arith_inst_retired.vector:u	450	6000000	0
fp_arith_inst_retired.vector:u	451	6000000	0
fp_arith_inst_retired.vector:u	452	6000000	0
fp_arith_inst_retired.vector:u	453	6000000	0
fp_arith_inst_retired.vector:u	454	6000000	0
fp_arith_inst_retired.vector:u	455	6000000	0
fp_arith_inst_retired.vector:u	456	6000000	0
fp_arith_inst_retired.vector:u	457	6000000	0
fp_arith_inst_retired.vector:u	458	6000000	0
fp_arith_inst_retired.vector:u	459	6000000	0
fp_arith_inst_retired.vector:u	460	6000000	0
fp_arith_inst_retired.vector:u	461	6000000	0
fp_arith_inst_retired.vector:u	462	6000000	0
fp_arith_inst_retired.vector:u	463	6000000	0
fp_arith_inst_retired.vector:u	464	6000000	0
fp_arith_inst_retired.vector:u	465	6000000	0
fp_arith_inst_retired.vector:u	466	6000000	0
fp_arith_inst_retired.vector:u	467	6000000	0
fp_arith_inst_retired.vector:u	468	6000000	0
fp_arith_inst_retired.vector:u	469	6000000	0
fp_arith_inst_retired.vector:u	470	6000000	0
fp_arith_inst_retired.vector:u	471	6000000	0
fp_arith_inst_retired.vector:u	472	6000000	0
fp_arith_inst_retired.vector:u	473	6000000	0
fp_arith_inst_retired.vector:u	474	6000000	0
fp_arith_inst_retired.vector:u	475	6000000	0
fp_arith_inst_retired.vector:u	476	6000000	0
fp_arith_inst_retired.vector:u	477	6000000	0
fp_arith_inst_retired.vector:u	478	6000000	0
fp_arith_inst_retired.vector:u	479	6000000	0
fp_arith_inst_retired.vector:u	480	6000000	0
fp_arith_inst_retired.vector:u	481	6000000	0
fp_arith_inst_retired.vector:u	482	6000000	0
fp_arith_inst_retired.vector:u	483	6000000	0
fp_arith_inst_retired.vector:u	484	6000000	0
fp_arith_inst_retired.vector:u	485	6000000	0
fp_arith_inst_retired.vector:u	486	6000000	0
fp_arith_inst_retired.vector:u	487	6000000	0
fp_arith_inst_retired.vector:u	488	6000000	0
fp_arith_inst_retired.vector:u	489	6000000	0
fp_arith_inst_retired.vector:u	490	6000000	0
fp_arith_inst_retired.vector:u	491	6000000	0
fp_arith_inst_retired.vector:u	492	6000000	0
fp_arith_inst_retired.vector:u	493	6000000	0
fp_arith_inst_retired.vector:u	494	6000000	0
fp_arith_inst_retired.vector:u	495	6000000	0
fp_arith_inst_retired.vector:u	496	6000000	0
fp_arith_inst_retired.vector:u	497	6000000	0
fp_arith_inst_retired.vector:u	498	6000000	0
fp_arith_inst_retired.vector:u	499	6000000	0
fp_arith_inst_retired.vector:u	500	6000000	0
fp_arith_inst_retired.vector:u	501	6000000	0
fp_arith_inst_retired.vector:u	502	6000000	0
fp_arith_inst_retired.vector:u	503	6000000	0
fp_arith_inst_retired.vector:u	504	6000000	0
fp_arith_inst_retired.vector:u	505	6000000	0
fp_arith_inst_retired.vector:u	506	6000000	0
fp_arith_inst_retired.vector:u	507	6000000	0
fp_arith_inst_retired.vector:u	508	6000000	0
fp_arith_inst_retired.vector:u	509	6000000	0
fp_arith_inst_retired.vector:u	510	6000000	0
fp_arith_inst_retired.vector:u	511	6000000	0
fp_arith_inst_retired.vector:u	512	6000000	0
fp_arith_inst_retired.vector:u	513	6000000	0
fp_arith_inst_retired.vector:u	514	6000000	0
fp_arith_inst_retired.vector:u	515	6000000	0
fp_arith_inst_retired.vector:u	516	6000000	0
fp_arith_inst_retired.vector:u	517	6000000	0
fp_arith_inst_retired.vector:u	518	6000000	0
fp_arith_inst_retired.vector:u	519	6000000	0
fp_arith_inst_retired.vector:u	520	6000000	0
fp_arith_inst_retired.vector:u	521	6000000	0
fp_arith_inst_retired.vector:u	522	6000000	0
fp_arith_inst_retired.vector:u	523	6000000	0
fp_arith_inst_retired.vector:u	524	6000000	0
fp_arith_inst_retired.vector:u	525	6000000	0
fp_arith_inst_retired.vector:u	526	6000000	0
fp_arith_inst_retired.vector:u	527	6000000	0
fp_arith_inst_retired.vector:u	528	6000000	0
fp_arith_inst_retired.vector:u	529	6000000	0
fp_arith_inst_retired.vector:u	530	6000000	0
fp_arith_inst_retired.vector:u	531	6000000	0
fp_arith_inst_retired.vector:u	532	6000000	0
fp_arith_inst_retired.vector:u	533	6000000	0
fp_arith_inst_retired.vector:u	534	6000000	0
fp_arith_inst_retired.vector:u	535	6000000	0
fp_arith_inst_retired.vector:u	536	6000000	0
fp_arith_inst_retired.vector:u	537	6000000	0
fp_arith_inst_retired.vector:u	538	6000000	0
fp_arith_inst_retired.vector:u	539	6000000	0
fp_arith_inst_retired.vector:u	540	6000000	0
fp_arith_inst_retired.vector:u	541	6000000	0
fp_arith_inst_retired.vector:u	542	6000000	0
fp_arith_inst_retired.vector:u	543	6000000	0
fp_arith_inst_retired.vector:u	544	6000000	0
fp_arith_inst_retired.vector:u	545	6000000	0
fp_arith_inst_retired.vector:u	546	6000000	0
fp_arith_inst_retired.vector:u	547	6000000	0
fp_arith_inst_retired.vector:u	548	6000000	0
fp_arith_inst_retired.vector:u	549	6000000	0
fp_arith_inst_retired.vector:u	550	6000000	0
fp_arith_inst_retired.vector:u	551	6000000	0
fp_arith_inst_retired.vector:u	552	6000000	0
fp_arith_inst_retired.vector:u	553	6000000	0
fp_arith_inst_retired.vector:u	554	6000000	0
fp_arith_inst_retired.vector:u	555	6000000	0
fp_arith_inst_retired.vector:u	556	6000000	0
fp_arith_inst_retired.vector:u	557	6000000	0
fp_arith_inst_retired.vector:u	558	6000000	0
fp_arith_inst_retired.vector:u	559	6000000	0
fp_arith_inst_retired.vector:u	560	6000000	0
fp_arith_inst_retired.vector:u	561	6000000	0
fp_arith_inst_retired.vector:u	562	6000000	0
fp_arith_inst_retired.vector:u	563	6000000	0
fp_arith_inst_retired.vector:u	564	6000000	0
fp_arith_inst_retired.vector:u	565	6000000	0
fp_arith_inst_retired.vector:u	566	6000000	0
fp_arith_inst_retired.vector:u	567	6000000	0
fp_arith_inst_retired.vector:u	568	6000000	0
fp_arith_inst_retired.vector:u	569	6000000	0
fp_arith_inst_retired.vector:u	570	6000000	0
fp_arith_inst_retired.vector:u	571	6000000	0
fp_arith_inst_retired.vector:u	572	6000000	0
fp_arith_inst_retired.vector:u	573	6000000	0
fp_arith_inst_retired.vector:u	574	6000000	0
fp_arith_inst_retired.vector:u	575	6000000	0
fp_arith_inst_retired.vector:u	576	6000000	0
fp_arith_inst_retired.vector:u	577	6000000	0
fp_arith_inst_retired.vector:u	578	6000000	0
fp_arith_inst_retired.vector:u	579	6000000	0
fp_arith_inst_retired.vector:u	580	6000000	0
fp_arith_inst_retired.vector:u	581	6000000	0
fp_arith_inst_retired.vector:u	582	6000000	0
fp_arith_inst_retired.vector:u	583	6000000	0
fp_arith_inst_retired.vector:u	584	6000000	0
fp_arith_inst_retired.vector:u	585	6000000	0
fp_arith_inst_retired.vector:u	586	6000000	0
fp_arith_inst_retired.vector:u	587	6000000	0
fp_arith_inst_retired.vector:u	588	6000000	0
fp_arith_inst_retired.vector:u	589	6000000	0
fp_arith_inst_retired.vector:u	590	6000000	0
fp_arith_inst_retired.vector:u	591	6000000	0
fp_arith_inst_retired.vector:u	592	6000000	0
fp_arith_inst_retired.vector:u	593	6000000	0
fp_arith_inst_retired.vector:u	594	6000000	0
fp_arith_inst_retired.vector:u	595	6000000	0
fp_arith_inst_retired.vector:u	596	6000000	0
fp_arith_inst_retired.vector:u	597	6000000	0
fp_arith_inst_retired.vector:u	598	6000000	0
fp_arith_inst_retired.vector:u	599	6000000	0
fp_arith_inst_retired.vector:u	600	6000000	0
fp_arith_inst_retired.vector:u	601	6000000	0
fp_arith_inst_retired.vector:u	602	6000000	0
fp_arith_inst_retired.vector:u	603	6000000	0
fp_arith_inst_retired.vector:u	604	6000000	0
fp_arith_inst_retired.vector:u	605	6000000	0
fp_arith_inst_retired.vector:u	606	6000000	0
fp_arith_inst_retired.vector:u	607	6000000	0
fp_arith_inst_retired.vector:u	608	6000000	0
fp_arith_inst_retired.vector:u	609	6000000	0
fp_arith_inst_retired.vector:u	610	6000000	0
fp_arith_inst_retired.vector:u	611	6000000	0
fp_arith_inst_retired.vector:u	612	6000000	0
fp_arith_inst_retired.vector:u	613	6000000	0
fp_arith_inst_retired.vector:u	614	6000000	0
fp_arith_inst_retired.vector:u	615	6000000	0
fp_arith_inst_retired.vector:u	616	6000000	0
fp_arith_inst_retired.vector:u	617	6000000	0
fp_arith_inst_retired.vector:u	618	6000000	0
fp_arith_inst_retired.vector:u	619	6000000	0
fp_arith_inst_retired.vector:u	620	6000000	0
fp_arith_inst_retired.vector:u	621	6000000	0
fp_arith_inst_retired.vector:u	622	6000000	0
fp_arith_inst_retired.vector:u	623	6000000	0
fp_arith_inst_retired.vector:u	624	6000000	0
fp_arith_inst_retired.vector:u	625	6000000	0
fp_arith_inst_retired.vector:u	626	6000000	0
fp_arith_inst_retired.vector:u	627	6000000	0
fp_arith_inst_retired.vector:u	628	6000000	0
fp_arith_inst_retired.vector:u	629	6000000	0
fp_arith_inst_retired.vector:u	630	6000000	0
fp_arith_inst_retired.vector:u	631	6000000	0
fp_arith_inst_retired.vector:u	632	6000000	0
fp_arith_inst_retired.vector:u	633	6000000	0
fp_arith_inst_retired.vector:u	634	6000000	0
fp_arith_inst_retired.vector:u	635	6000000	0
fp_arith_inst_retired.vector:u	636	6000000	0
fp_arith_inst_retired.vector:u	637	6000000	0
fp_arith_inst_retired.vector:u	638	6000000	0
fp_arith_inst_retired.vector:u	639	6000000	0
fp_arith_inst_retired.vector:u	640	6000000	0
fp_arith_inst_retired.vector:u	641	6000000	0
fp_arith_inst_retired.vector:u	642	6000000	0
fp_arith_inst_retired.vector:u	643	6000000	0
fp_arith_inst_retired.vector:u	644	6000000	0
fp_arith_inst_retired.vector:u	645	6000000	0
fp_arith_inst_retired.vector:u	646	6000000	0
fp_arith_inst_retired.vector:u	647	6000000	0
fp_arith_inst_retired.vector:u	648	6000000	0
fp_arith_inst_retired.vector:u	649	6000000	0
fp_arith_inst_retired.vector:u	650	6000000	0
fp_arith_inst_retired.vector:u	651	6000000	0
fp_arith_inst_retired.vector:u	652	6000000	0
fp_arith_inst_retired.vector:u	653	6000000	0
fp_arith_inst_retired.vector:u	654	6000000	0
fp_arith_inst_retired.vector:u	655	6000000	0
fp_arith_inst_retired.vector:u	656	6000000	0
fp_arith_inst_retired.vector:u	657	6000000	0
fp_arith_inst_retired.vector:u	658	6000000	0
fp_arith_inst_retired.vector:u	659	6000000	0
fp_arith_inst_retired.vector:u	660	6000000	0
fp_arith_inst_retired.vector:u	661	6000000	0
fp_arith_inst_retired.vector:u	662	6000000	0
fp_arith_inst_retired.vector:u	663	6000000	0
fp_arith_inst_retired.vector:u	664	6000000	0
fp_arith_inst_retired.vector:u	665	6000000	0
fp_arith_inst_retired.vector:u	666	6000000	0
fp_arith_inst_retired.vector:u	667	6000000	0
fp_arith_inst_retired.vector:u	668	6000000	0
fp_arith_inst_retired.vector:u	669	6000000	0
fp_arith_inst_retired.vector:u	670	6000000	0
fp_arith_inst_retired.vector:u	671	6000000	0
fp_arith_inst_retired.vector:u	672	6000000	0
fp_arith_inst_retired.vector:u	673	6000000	0
fp_arith_inst_retired.vector:u	674	6000000	0
fp_arith_inst_retired.vector:u	675	6000000	0
fp_arith_inst_retired.vector:u	676	6000000	0
fp_arith_inst_retired.vector:u	677	6000000	0
fp_arith_inst_retired.vector:u	678	6000000	0
fp_arith_inst_retired.vector:u	679	6000000	0
fp_arith_inst_retired.vector:u	680	6000000	0
fp_arith_inst_retired.vector:u	681	6000000	0
fp_arith_inst_retired.vector:u	682	6000000	0
fp_arith_inst_retired.vector:u	683	6000000	0
fp_arith_inst_retired.vector:u	684	6000000	0
fp_arith_inst_retired.vector:u	685	6000000	0
fp_arith_inst_retired.vector:u	686	6000000	0
fp_arith_inst_retired.vector:u	687	6000000	0
fp_arith_inst_retired.vector:u	688	6000000	0
fp_arith_inst_retired.vector:u	689	6000000	0
fp_arith_inst_retired.vector:u	690	6000000	0
fp_arith_inst_retired.vector:u	691	6000000	0
fp_arith_inst_retired.vector:u	692	6000000	0
fp_arith_inst_retired.vector:u	693	6000000	0
fp_arith_inst_retired.vector:u	694	6000000	0
fp_arith_inst_retired.vector:u	695	6000000	0
fp_arith_inst_retired.vector:u	696	6000000	0
fp_arith_inst_retired.vector:u	697	6000000	0
fp_arith_inst_retired.vector:u	698	6000000	0
fp_arith_inst_retired.vector:u	699	6000000	0
fp_arith_inst_retired.vector:u	700	6000000	0
fp_arith_inst_retired.vector:u	701	6000000	0
fp_arith_inst_retired.vector:u	702	6000000	0
fp_arith_inst_retired.vector:u	703	6000000	0
fp_arith_inst_retired.vector:u	704	6000000	0
fp_arith_inst_retired.vector:u	705	6000000	0
fp_arith_inst_retired.vector:u	706	6000000	0
fp_arith_inst_retired.vector:u	707	6000000	0
fp_arith_inst_retired.vector:u	708	6000000	0
fp_arith_inst_retired.vector:u	709	6000000	0
fp_arith_inst_retired.vector:u	710	6000000	0
fp_arith_inst_retired.vector:u	711	6000000	0
fp_arith_inst_retired.vector:u	712	6000000	0
fp_arith_inst_retired.vector:u	713	6000000	0
fp_arith_inst_retired.vector:u	714	6000000	0
fp_arith_inst_retired.vector:u	715	6000000	0
fp_arith_inst_retired.vector:u	716	6000000	0
fp_arith_inst_retired.vector:u	717	6000000	0
fp_arith_inst_retired.vector:u	718	6000000	0
fp_arith_inst_retired.vector:u	719	6000000	0
fp_arith_inst_retired.vector:u	720	6000000	0
fp_arith_inst_retired.vector:u	721	6000000	0
fp_arith_inst_retired.vector:u	722	6000000	0
fp_arith_inst_retired.vector:u	723	6000000	0
fp_arith_inst_retired.vector:u	724	6000000	0
fp_arith_inst_retired.vector:u	725	6000000	0
fp_arith_inst_retired.vector:u	726	6000000	0
fp_arith_inst_retired.vector:u	727	6000000	0
fp_arith_inst_retired.vector:u	728	6000000	0
fp_arith_inst_retired.vector:u	729	6000000	0
fp_arith_inst_retired.vector:u	730	6000000	0
fp_arith_inst_retired.vector:u	731	6000000	0
fp_arith_inst_retired.vector:u	732	6000000	0
fp_arith_inst_retired.vector:u	733	6000000	0
fp_arith_inst_retired.vector:u	734	6000000	0
fp_arith_inst_retired.vector:u	735	6000000	0
fp_arith_inst_retired.vector:u	736	6000000	0
fp_arith_inst_retired.vector:u	737	6000000	0
fp_arith_inst_retired.vector:u	738	6000000	0
fp_arith_inst_retired.vector:u	739	6000000	0
fp_arith_inst_retired.vector:u	740	6000000	0
fp_arith_inst_retired.vector:u	741	6000000	0
fp_arith_inst_retired.vector:u	742	6000000	0
fp_arith_inst_retired.vector:u	743	6000000	0
fp_arith_inst_retired.vector:u	744	6000000	0
fp_arith_inst_retired.vector:u	745	6000000	0
fp_arith_inst_retired.vector:u	746	6000000	0
fp_arith_inst_retired.vector:u	747	6000000	0
fp_arith_inst_retired.vector:u	748	6000000	0
fp_arith_inst_retired.vector:u	749	6000000	0
fp_arith_inst_retired.vector:u	750	6000000	0
fp_arith_inst_retired.vector:u	751	6000000	0
fp_arith_inst_retired.vector:u	752	6000000	0
fp_arith_inst_retired.vector:u	753	6000000	0
fp_arith_inst_retired.vector:u	754	6000000	0
fp_arith_inst_retired.vector:u	755	6000000	0
fp_arith_inst_retired.vector:u	756	6000000	0
fp_arith_inst_retired.vector:u	757	6000000	0
fp_arith_inst_retired.vector:u	758	6000000	0
fp_arith_inst_retired.vector:u	759	6000000	0
fp_arith_inst_retired.vector:u	760	6000000	0
fp_arith_inst_retired.vector:u	761	6000000	0
fp_arith_inst_retired.vector:u	762	6000000	0
fp_arith_inst_retired.vector:u	763	6000000	0
fp_arith_inst_retired.vector:u	764	6000000	0
fp_arith_inst_retired.vector:u	765	6000000	0
fp_arith_inst_retired.vector:u	766	6000000	0
fp_arith_inst_retired.vector:u	767	6000000	0
fp_arith_inst_retired.vector:u	768	6000000	0
fp_arith_inst_retired.vector:u	769	6000000	0
fp_arith_inst_retired.vector:u	770	6000000	0
fp_arith_inst_retired.vector:u	771	6000000	0
fp_arith_inst_retired.vector:u	772	6000000	0
fp_arith_inst_retired.vector:u	773	6000000	0
fp_arith_inst_retired.vector:u	774	6000000	0
fp_arith_inst_retired.vector:u	775	6000000	0
fp_arith_inst_retired.vector:u	776	6000000	0
fp_arith_inst_retired.vector:u	777	6000000	0
fp_arith_inst_retired.vector:u	778	6000000	0
fp_arith_inst_retired.vector:u	779	6000000	0
fp_arith_inst_retired.vector:u	780	6000000	0
fp_arith_inst_retired.vector:u	781	6000000	0
fp_arith_inst_retired.vector:u	782	6000000	0
fp_arith_inst_retired.vector:u	783	6000000	0
fp_arith_inst_retired.vector:u	784	6000000	0
fp_arith_inst_retired.vector:u	785	6000000	0
fp_arith_inst_retired.vector:u	786	6000000	0
fp_arith_inst_retired.vector:u	787	6000000	0
fp_arith_inst_retired.vector:u	788	6000000	0
fp_arith_inst_retired.vector:u	789	6000000	0
fp_arith_inst_retired.vector:u	790	6000000	0
fp_arith_inst_retired.vector:u	791	6000000	0
fp_arith_inst_retired.vector:u	792	6000000	0
fp_arith_inst_retired.vector:u	793	6000000	0
fp_arith_inst_retired.vector:u	794	6000000	0
fp_arith_inst_retired.vector:u	795	6000000	0
fp_arith_inst_retired.vector:u	796	6000000	0
fp_arith_inst_retired.vector:u	797	6000000	0
fp_arith_inst_retired.vector:u	798	6000000	0
fp_arith_inst_retired.vector:u	799	6000000	0
fp_arith_inst_retired.vector:u	800	6000000	0
fp_arith_inst_retired.vector:u	801	6000000	0
fp_arith_inst_retired.vector:u	802	6000000	0
fp_arith_inst_retired.vector:u	803	6000000	0
fp_arith_inst_retired.vector:u	804	6000000	0
fp_arith_inst_retired.vector:u	805	6000000	0
fp_arith_inst_retired.vector:u	806	6000000	0
fp_arith_inst_retired.vector:u	807	6000000	0
fp_arith_inst_retired.vector:u	808	6000000	0
fp_arith_inst_retired.vector:u	809	6000000	0
fp_arith_inst_retired.vector:u	810	6000000	0
fp_arith_inst_retired.vector:u	811	6000000	0
fp_arith_inst_retired.vector:u	812	6000000	0
fp_arith_inst_retired.vector:u	813	6000000	0
fp_arith_inst_retired.vector:u	814	6000000	0
fp_arith_inst_retired.vector:u	815	6000000	0
fp_arith_inst_retired.vector:u	816	6000000	0
fp_arith_inst_retired.vector:u	817	6000000	0
fp_arith_inst_retired.vector:u	818	6000000	0
fp_arith_inst_retired.vector:u	819	6000000	0
fp_arith_inst_retired.vector:u	820	6000000	0
fp_arith_inst_retired.vector:u	821	6000000	0
fp_arith_inst_retired.vector:u	822	6000000	0
fp_arith_inst_retired.vector:u	823	6000000	0
fp_arith_inst_retired.vector:u	824	6000000	0
fp_arith_inst_retired.vector:u	825	6000000	0
fp_arith_inst_retired.vector:u	826	6000000	0
fp_arith_inst_retired.vector:u	827	6000000	0
fp_arith_inst_retired.vector:u	828	6000000	0
fp_arith_inst_retired.vector:u	829	6000000	0
fp_arith_inst_retired.vector:u	830	6000000	0
fp_arith_inst_retired.vector:u	831	6000000	0
fp_arith_inst_retired.vector:u	832	6000000	0
fp_arith_inst_retired.vector:u	833	6000000	0
fp_arith_inst_retired.vector:u	834	6000000	0
fp_arith_inst_retired.vector:u	835	6000000	0
fp_arith_inst_retired.vector:u	836	6000000	0
fp_arith_inst_retired.vector:u	837	6000000	0
fp_arith_inst_retired.vector:u	838	6000000	0
fp_arith_inst_retired.vector:u	839	6000000	0
fp_arith_inst_retired.vector:u	840	6000000	0
fp_arith_inst_retired.vector:u	841	6000000	0
fp_arith_inst_retired.vector:u	842	6000000	0
fp_arith_inst_retired.vector:u	843	6000000	0
fp_arith_inst_retired.vector:u	844	6000000	0
fp_arith_inst_retired.vector:u	845	6000000	0
fp_arith_inst_retired.vector:u	846	6000000	0
fp_arith_inst_retired.vector:u	847	6000000	0
fp_arith_inst_retired.vector:u	848	6000000	0
fp_arith_inst_retired.vector:u	849	6000000	0
fp_arith_inst_retired.vector:u	850	6000000	0
fp_arith_inst_retired.vector:u	851	6000000	0
fp_arith_inst_retired.vector:u	852	6000000	0
fp_arith_inst_retired.vector:u	853	6000000	0
fp_arith_inst_retired.vector:u	854	6000000	0
fp_arith_inst_retired.vector:u	855	6000000	0
fp_arith_inst_retired.vector:u	856	6000000	0
fp_arith_inst_retired.vector:u	857	6000000	0
fp_arith_inst_retired.vector:u	858	6000000	0
fp_arith_inst_retired.vector:u	859	6000000	0
fp_arith_inst_retired.vector:u	860	6000000	0
fp_arith_inst_retired.vector:u	861	6000000	0
fp_arith_inst_retired.vector:u	862	6000000	0
fp_arith_inst_retired.vector:u	863	6000000	0
fp_arith_inst_retired.vector:u	864	6000000	0
fp_arith_inst_retired.vector:u	865	6000000	0
fp_arith_inst_retired.vector:u	866	6000000	0
fp_arith_inst_retired.vector:u	867	6000000	0
fp_arith_inst_retired.vector:u	868	6000000	0
fp_arith_inst_retired.vector:u	869	6000000	0
fp_arith_inst_retired.vector:u	870	6000000	0
fp_arith_inst_retired.vector:u	871	6000000	0
fp_arith_inst_retired.vector:u	872	6000000	0
fp_arith_inst_retired.vector:u	873	6000000	0
fp_arith_inst_retired.vector:u	874	6000000	0
fp_arith_inst_retired.vector:u	875	6000000	0
fp_arith_inst_retired.vector:u	876	6000000	0
fp_arith_inst_retired.vector:u	877	6000000	0
fp_arith_inst_retired.vector:u	878	6000000	0
fp_arith_inst_retired.vector:u	879	6000000	0
fp_arith_inst_retired.vector:u	880	6000000	0
fp_arith_inst_retired.vector:u	881	6000000	0
fp_arith_inst_retired.vector:u	882	6000000	0
fp_arith_inst_retired.vector:u	883	6000000	0
fp_arith_inst_retired.vector:u	884	6000000	0
fp_arith_inst_retired.vector:u	885	6000000	0
fp_arith_inst_retired.vector:u	886	6000000	0
fp_arith_inst_retired.vector:u	887	6000000	0
fp_arith_inst_retired.vector:u	888	6000000	0
fp_arith_inst_retired.vector:u	889	6000000	0
fp_arith_inst_retired.vector:u	890	6000000	0
fp_arith_inst_retired.vector:u	891	6000000	0
fp_arith_inst_retired.vector:u	892	6000000	0
fp_arith_inst_retired.vector:u	893	6000000	0
fp_arith_inst_retired.vector:u	894	6000000	0
fp_arith_inst_retired.vector:u	895	6000000	0
fp_arith_inst_retired.vector:u	896	6000000	0
fp_arith_inst_retired.vector:u	897	6000000	0
fp_arith_inst_retired.vector:u	898	6000000	0
fp_arith_inst_retired.vector:u	899	6000000	0
fp_arith_inst_retired.vector:u	900	6000000	0
fp_arith_inst_retired.vector:u	901	6000000	0
fp_arith_inst_retired.vector:u	902	6000000	0
fp_arith_inst_retired.vector:u	903	6000000	0
fp_arith_inst_retired.vector:u	904	6000000	0
fp_arith_inst_retired.vector:u	905	6000000	0
fp_arith_inst_retired.vector:u	906	6000000	0
fp_arith_inst_retired.vector:u	907	6000000	0
fp_arith_inst_retired.vector:u	908	6000000	0
fp_arith_inst_retired.vector:u	909	6000000	0
fp_arith_inst_retired.vector:u	910	6000000	0
fp_arith_inst_retired.vector:u	911	6000000	0
fp_arith_inst_retired.vector:u	912	6000000	0
fp_arith_inst_retired.vector:u	913	6000000	0
fp_arith_inst_retired.vector:u	914	6000000	0
fp_arith_inst_retired.vector:u	915	6000000	0
fp_arith_inst_retired.vector:u	916	6000000	0
fp_arith_inst_retired.vector:u	917	6000000	0
fp_arith_inst_retired.vector:u	918	6000000	0
fp_arith_inst_retired.vector:u	919	6000000	0
fp_arith_inst_retired.vector:u	920	6000000	0
fp_arith_inst_retired.vector:u	921	6000000	0
fp_arith_inst_retired.vector:u	922	6000000	0
fp_arith_inst_retired.vector:u	923	6000000	0
fp_arith_inst_retired.vector:u	924	6000000	0
fp_arith_inst_retired.vector:u	925	6000000	0
fp_arith_inst_retired.vector:u	926	6000000	0
fp_arith_inst_retired.vector:u	927	6000000	0
fp_arith_inst_retired.vector:u	928	6000000	0
fp_arith_inst_retired.vector:u	929	6000000	0
fp_arith_inst_retired.vector:u	930	6000000	0
fp_arith_inst_retired.vector:u	931	6000000	0
fp_arith_inst_retired.vector:u	932	6000000	0
fp_arith_inst_retired.vector:u	933	6000000	0
fp_arith_inst_retired.vector:u	934	6000000	0
fp_arith_inst_retired.vector:u	935	6000000	0
fp_arith_inst_retired.vector:u	936	6000000	0
fp_arith_inst_retired.vector:u	937	6000000	0
fp_arith_inst_retired.vector:u	938	6000000	0
fp_arith_inst_retired.vector:u	939	6000000	0
fp_arith_inst_retired.vector:u	940	6000000	0
fp_arith_inst_retired.vector:u	941	6000000	0
fp_arith_inst_retired.vector:u	942	6000000	0
fp_arith_inst_retired.vector:u	943	6000000	0
fp_arith_inst_retired.vector:u	944	6000000	0
fp_arith_inst_retired.vector:u	945	6000000	0
fp_arith_inst_retired.vector:u	946	6000000	0
fp_arith_inst_retired.vector:u	947	6000000	0
fp_arith_inst_retired.vector:u	948	6000000	0
fp_arith_inst_retired.vector:u	949	6000000	0
fp_arith_inst_retired.vector:u	950	6000000	0
fp_arith_inst_retired.vector:u	951	6000000	0
fp_arith_inst_retired.vector:u	952	6000000	0
fp_arith_inst_retired.vector:u	953	6000000	0
fp_arith_inst_retired.vector:u	954	6000000	0
fp_arith_inst_retired.vector:u	955	6000000	0
fp_arith_inst_retired.vector:u	956	6000000	0
fp_arith_inst_retired.vector:u	957	6000000	0
fp_arith_inst_retired.vector:u	958	6000000	0
fp_arith_inst_retired.vector:u	959	6000000	0
fp_arith_inst_retired.vector:u	960	6000000	0
fp_arith_inst_retired.vector:u	961	6000000	0
fp_arith_inst_retired.vector:u	962	6000000	0
fp_arith_inst_retired.vector:u	963	6000000	0
fp_arith_inst_retired.vector:u	964	6000000	0
fp_arith_inst_retired.vector:u	965	6000000	0
fp_arith_inst_retired.vector:u	966	6000000	0
fp_arith_inst_retired.vector:u	967	6000000	0
fp_arith_inst_retired.vector:u	968	6000000	0
fp_arith_inst_retired.vector:u	969	6000000	0
fp_arith_inst_retired.vector:u	970	6000000	0
fp_arith_inst_retired.vector:u	971	6000000	0
fp_arith_inst_retired.vector:u	972	6000000	0
fp_arith_inst_retired.vector:u	973	6000000	0
fp_arith_inst_retired.vector:u	974	6000000	0
fp_arith_inst_retired.vector:u	975	6000000	0
fp_arith_inst_retired.vector:u	976	6000000	0
fp_arith_inst_retired.vector:u	977	6000000	0
fp_arith_inst_retired.vector:u	978	6000000	0
fp_arith_inst_retired.vector:u	979	6000000	0
fp_arith_inst_retired.vector:u	980	6000000	0
fp_arith_inst_retired.vector:u	981	6000000	0
fp_arith_inst_retired.vector:u	982	6000000	0
fp_arith_inst_retired.vector:u	983	6000000	0
fp_arith_inst_retired.vector:u	984	6000000	0
fp_arith_inst_retired.vector:u	985	6000000	0
fp_arith_inst_retired.vector:u	986	6000000	0
fp_arith_inst_retired.vector:u	987	6000000	0
fp_arith_inst_retired.vector:u	988	6000000	0
fp_arith_inst_retired.vector:u	989	6000000	0
fp_arith_inst_retired.vector:u	990	6000000	0
fp_arith_inst_retired.vector:u	991	6000000	0
fp_arith_inst_retired.vector:u	992	6000000	0
fp_arith_inst_retired.vector:u	993	6000000	0
fp_arith_inst_retired.vector:u	994	6000000	0
fp_arith_inst_retired.vector:u	995	6000000	0
fp_arith_inst_retired.vector:u	996	6000000	0
fp_arith_inst_retired.vector:u	997	6000000	0
fp_arith_inst_retired.vector:u	998	6000000	0
fp_arith_inst_retired.vector:u	999	6000000	0
fp_arith_inst_retired.vector:u	1000	6000000	0
br_misp_retired.ret:u	1	0	0
br_misp_retired.ret:u	2	0	0
br_misp_retired.ret:u	3	0	0
br_misp_retired.ret:u	4	0	0
br_misp_retired.ret:u	5	0	0
br_misp_retired.ret:u	6	0	0
br_misp_retired.ret:u	7	0	0
br_misp_retired.ret:u	8	0	0
br_misp_retired.ret:u	9	0	0
br_misp_retired.ret:u	10	0	0
br_misp_retired.ret:u	11	0	0
br_misp_retired.ret:u	12	0	0
br_misp_retired.ret:u	13	0	0
br_misp_retired.ret:u	14	0	0
br_misp_retired.ret:u	15	0	0
br_misp_retired.ret:u	16	0	0
br_misp_retired.ret:u	17	0	0
br_misp_retired.ret:u	18	0	0
br_misp_retired.ret:u	19	0	0
br_misp_retired.ret:u	20	0	0
br_misp_retired.ret:u	21	0	0
br_misp_retired.ret:u	22	0	0
br_misp_retired.ret:u	23	0	0
br_misp_retired.ret:u	24	0	0
br_misp_retired.ret:u	25	0	0
br_misp_retired.ret:u	26	0	0
br_misp_retired.ret:u	27	0	0
br_misp_retired.ret:u	28	0	0
br_misp_retired.ret:u	29	0	0
br_misp_retired.ret:u	30	0	0
br_misp_retired.ret:u	31	0	0
br_misp_retired.ret:u	32	0	0
br_misp_retired.ret:u	33	0	0
br_misp_retired.ret:u	34	0	0
br_misp_retired.ret:u	35	0	0
br_misp_retired.ret:u	36	0	0
br_misp_retired.ret:u	37	0	0
br_misp_retired.ret:u	38	0	0
br_misp_retired.ret:u	39	0	0
br_misp_retired.ret:u	40	0	0
br_misp_retired.ret:u	41	0	0
br_misp_retired.ret:u	42	0	0
br_misp_retired.ret:u	43	0	0
br_misp_retired.ret:u	44	0	0
br_misp_retired.ret:u	45	0	0
br_misp_retired.ret:u	46	0	0
br_misp_retired.ret:u	47	0	0
br_misp_retired.ret:u	48	0	0
br_misp_retired.ret:u	49	0	0
br_misp_retired.ret:u	50	0	0
br_misp_retired.ret:u	51	0	0
br_misp_retired.ret:u	52	0	0
br_misp_retired.ret:u	53	0	0
br_misp_retired.ret:u	54	0	0
br_misp_retired.ret:u	55	0	0
br_misp_retired.ret:u	56	0	0
br_misp_retired.ret:u	57	0	0
br_misp_retired.ret:u	58	0	0
br_misp_retired.ret:u	59	0	0
br_misp_retired.ret:u	60	0	0
br_misp_retired.ret:u	61	0	0
br_misp_retired.ret:u	62	0	0
br_misp_retired.ret:u	63	0	0
br_misp_retired.ret:u	64	0	0
br_misp_retired.ret:u	65	0	0
br_misp_retired.ret:u	66	0	0
br_misp_retired.ret:u	67	0	0
br_misp_retired.ret:u	68	0	0
br_misp_retired.ret:u	69	0	0
br_misp_retired.ret:u	70	0	0
br_misp_retired.ret:u	71	0	0
br_misp_retired.ret:u	72	0	0
br_misp_retired.ret:u	73	0	0
br_misp_retired.ret:u	74	0	0
br_misp_retired.ret:u	75	0	0
br_misp_retired.ret:u	76	0	0
br_misp_retired.ret:u	77	0	0
br_misp_retired.ret:u	78	0	0
br_misp_retired.ret:u	79	0	0
br_misp_retired.ret:u	80	0	0
br_misp_retired.ret:u	81	0	0
br_misp_retired.ret:u	82	0	0
br_misp_retired.ret:u	83	0	0
br_misp_retired.ret:u	84	0	0
br_misp_retired.ret:u	85	0	0
br_misp_retired.ret:u	86	0	0
br_misp_retired.ret:u	87	0	0
br_misp_retired.ret:u	88	0	0
br_misp_retired.ret:u	89	0	0
br_misp_retired.ret:u	90	0	0
br_misp_retired.ret:u	91	0	0
br_misp_retired.ret:u	92	0	0
br_misp_retired.ret:u	93	0	0
br_misp_retired.ret:u	94	0	0
br_misp_retired.ret:u	95	0	0
br_misp_retired.ret:u	96	0	0
br_misp_retired.ret:u	97	0	0
br_misp_retired.ret:u	98	0	0
br_misp_retired.ret:u	99	0	0
br_misp_retired.ret:u	100	0	0
br_misp_retired.ret:u	101	0	0
br_misp_retired.ret:u	102	0	0
br_misp_retired.ret:u	103	0	0
br_misp_retired.ret:u	104	0	0
br_misp_retired.ret:u	105	0	0
br_misp_retired.ret:u	106	0	0
br_misp_retired.ret:u	107	0	0
br_misp_retired.ret:u	108	0	0
br_misp_retired.ret:u	109	0	0
br_misp_retired.ret:u	110	0	0
br_misp_retired.ret:u	111	0	0
br_misp_retired.ret:u	112	0	0
br_misp_retired.ret:u	113	0	0
br_misp_retired.ret:u	114	0	0
br_misp_retired.ret:u	115	0	0
br_misp_retired.ret:u	116	0	0
br_misp_retired.ret:u	117	0	0
br_misp_retired.ret:u	118	0	0
br_misp_retired.ret:u	119	0	0
br_misp_retired.ret:u	120	0	0
br_misp_retired.ret:u	121	0	0
br_misp_retired.ret:u	122	0	0
br_misp_retired.ret:u	123	0	0
br_misp_retired.ret:u	124	0	0
br_misp_retired.ret:u	125	0	0
br_misp_retired.ret:u	126	0	0
br_misp_retired.ret:u	127	0	0
br_misp_retired.ret:u	128	0	0
br_misp_retired.ret:u	129	0	0
br_misp_retired.ret:u	130	0	0
br_misp_retired.ret:u	131	0	0
br_misp_retired.ret:u	132	0	0
br_misp_retired.ret:u	133	0	0
br_misp_retired.ret:u	134	0	0
br_misp_retired.ret:u	135	0	0
br_misp_retired.ret:u	136	0	0
br_misp_retired.ret:u	137	0	0
br_misp_retired.ret:u	138	0	0
br_misp_retired.ret:u	139	0	0
br_misp_retired.ret:u	140	0	0
br_misp_retired.ret:u	141	0	0
br_misp_retired.ret:u	142	0	0
br_misp_retired.ret:u	143	0	0
br_misp_retired.ret:u	144	0	0
br_misp_retired.ret:u	145	0	0
br_misp_retired.ret:u	146	0	0
br_misp_retired.ret:u	147	0	0
br_misp_retired.ret:u	148	0	0
br_misp_retired.ret:u	149	0	0
br_misp_retired.ret:u	150	0	0
br_misp_retired.ret:u	151	0	0
br_misp_retired.ret:u	152	0	0
br_misp_retired.ret:u	153	0	0
br_misp_retired.ret:u	154	0	0
br_misp_retired.ret:u	155	0	0
br_misp_retired.ret:u	156	0	0
br_misp_retired.ret:u	157	0	0
br_misp_retired.ret:u	158	0	0
br_misp_retired.ret:u	159	0	0
br_misp_retired.ret:u	160	0	0
br_misp_retired.ret:u	161	0	0
br_misp_retired.ret:u	162	0	0
br_misp_retired.ret:u	163	0	0
br_misp_retired.ret:u	164	0	0
br_misp_retired.ret:u	165	0	0
br_misp_retired.ret:u	166	0	0
br_misp_retired.ret:u	167	0	0
br_misp_retired.ret:u	168	0	0
br_misp_retired.ret:u	169	0	0
br_misp_retired.ret:u	170	0	0
br_misp_retired.ret:u	171	0	0
br_misp_retired.ret:u	172	0	0
br_misp_retired.ret:u	173	0	0
br_misp_retired.ret:u	174	0	0
br_misp_retired.ret:u	175	0	0
br_misp_retired.ret:u	176	0	0
br_misp_retired.ret:u	177	0	0
br_misp_retired.ret:u	178	0	0
br_misp_retired.ret:u	179	0	0
br_misp_retired.ret:u	180	0	0
br_misp_retired.ret:u	181	0	0
br_misp_retired.ret:u	182	0	0
br_misp_retired.ret:u	183	0	0
br_misp_retired.ret:u	184	0	0
br_misp_retired.ret:u	185	0	0
br_misp_retired.ret:u	186	0	0
br_misp_retired.ret:u	187	0	0
br_misp_retired.ret:u	188	0	0
br_misp_retired.ret:u	189	0	0
br_misp_retired.ret:u	190	0	0
br_misp_retired.ret:u	191	0	0
br_misp_retired.ret:u	192	0	0
br_misp_retired.ret:u	193	0	0
br_misp_retired.ret:u	194	0	0
br_misp_retired.ret:u	195	0	0
br_misp_retired.ret:u	196	0	0
br_misp_retired.ret:u	197	0	0
br_misp_retired.ret:u	198	0	0
br_misp_retired.ret:u	199	0	0
br_misp_retired.ret:u	200	0	0
br_misp_retired.ret:u	201	0	0
br_misp_retired.ret:u	202	0	0
br_misp_retired.ret:u	203	0	0
br_misp_retired.ret:u	204	0	0
br_misp_retired.ret:u	205	0	0
br_misp_retired.ret:u	206	0	0
br_misp_retired.ret:u	207	0	0
br_misp_retired.ret:u	208	0	0
br_misp_retired.ret:u	209	0	0
br_misp_retired.ret:u	210	0	0
br_misp_retired.ret:u	211	0	0
br_misp_retired.ret:u	212	0	0
br_misp_retired.ret:u	213	0	0
br_misp_retired.ret:u	214	0	0
br_misp_retired.ret:u	215	0	0
br_misp_retired.ret:u	216	0	0
br_misp_retired.ret:u	217	0	0
br_misp_retired.ret:u	218	0	0
br_misp_retired.ret:u	219	0	0
br_misp_retired.ret:u	220	0	0
br_misp_retired.ret:u	221	0	0
br_misp_retired.ret:u	222	0	0
br_misp_retired.ret:u	223	0	0
br_misp_retired.ret:u	224	0	0
br_misp_retired.ret:u	225	0	0
br_misp_retired.ret:u	226	0	0
br_misp_retired.ret:u	227	0	0
br_misp_retired.ret:u	228	0	0
br_misp_retired.ret:u	229	0	0
br_misp_retired.ret:u	230	0	0
br_misp_retired.ret:u	231	0	0
br_misp_retired.ret:u	232	0	0
br_misp_retired.ret:u	233	0	0
br_misp_retired.ret:u	234	0	0
br_misp_retired.ret:u	235	0	0
br_misp_retired.ret:u	236	0	0
br_misp_retired.ret:u	237	0	0
br_misp_retired.ret:u	238	0	0
br_misp_retired.ret:u	239	0	0
br_misp_retired.ret:u	240	0	0
br_misp_retired.ret:u	241	0	0
br_misp_retired.ret:u	242	0	0
br_misp_retired.ret:u	243	0	0
br_misp_retired.ret:u	244	0	0
br_misp_retired.ret:u	245	0	0
br_misp_retired.ret:u	246	0	0
br_misp_retired.ret:u	247	0	0
br_misp_retired.ret:u	248	0	0
br_misp_retired.ret:u	249	0	0
br_misp_retired.ret:u	250	0	0
br_misp_retired.ret:u	251	0	0
br_misp_retired.ret:u	252	0	0
br_misp_retired.ret:u	253	0	0
br_misp_retired.ret:u	254	0	0
br_misp_retired.ret:u	255	0	0
br_misp_retired.ret:u	256	0	0
br_misp_retired.ret:u	257	0	0
br_misp_retired.ret:u	258	0	0
br_misp_retired.ret:u	259	0	0
br_misp_retired.ret:u	260	0	0
br_misp_retired.ret:u	261	0	0
br_misp_retired.ret:u	262	0	0
br_misp_retired.ret:u	263	0	0
br_misp_retired.ret:u	264	0	0
br_misp_retired.ret:u	265	0	0
br_misp_retired.ret:u	266	0	0
br_misp_retired.ret:u	267	0	0
br_misp_retired.ret:u	268	0	0
br_misp_retired.ret:u	269	0	0
br_misp_retired.ret:u	270	0	0
br_misp_retired.ret:u	271	0	0
br_misp_retired.ret:u	272	0	0
br_misp_retired.ret:u	273	0	0
br_misp_retired.ret:u	274	0	0
br_misp_retired.ret:u	275	0	0
br_misp_retired.ret:u	276	0	0
br_misp_retired.ret:u	277	0	0
br_misp_retired.ret:u	278	0	0
br_misp_retired.ret:u	279	0	0
br_misp_retired.ret:u	280	0	0
br_misp_retired.ret:u	281	0	0
br_misp_retired.ret:u	282	0	0
br_misp_retired.ret:u	283	0	0
br_misp_retired.ret:u	284	0	0
br_misp_retired.ret:u	285	0	0
br_misp_retired.ret:u	286	0	0
br_misp_retired.ret:u	287	0	0
br_misp_retired.ret:u	288	0	0
br_misp_retired.ret:u	289	0	0
br_misp_retired.ret:u	290	0	0
br_misp_retired.ret:u	291	0	0
br_misp_retired.ret:u	292	0	0
br_misp_retired.ret:u	293	0	0
br_misp_retired.ret:u	294	0	0
br_misp_retired.ret:u	295	0	0
br_misp_retired.ret:u	296	0	0
br_misp_retired.ret:u	297	0	0
br_misp_retired.ret:u	298	0	0
br_misp_retired.ret:u	299	0	0
br_misp_retired.ret:u	300	0	0
br_misp_retired.ret:u	301	0	0
br_misp_retired.ret:u	302	0	0
br_misp_retired.ret:u	303	0	0
br_misp_retired.ret:u	304	0	0
br_misp_retired.ret:u	305	0	0
br_misp_retired.ret:u	306	0	0
br_misp_retired.ret:u	307	0	0
br_misp_retired.ret:u	308	0	0
br_misp_retired.ret:u	309	0	0
br_misp_retired.ret:u	310	0	0
br_misp_retired.ret:u	311	0	0
br_misp_retired.ret:u	312	0	0
br_misp_retired.ret:u	313	0	0
br_misp_retired.ret:u	314	0	0
br_misp_retired.ret:u	315	0	0
br_misp_retired.ret:u	316	0	0
br_misp_retired.ret:u	317	0	0
br_misp_retired.ret:u	318	0	0
br_misp_retired.ret:u	319	0	0
br_misp_retired.ret:u	320	0	0
br_misp_retired.ret:u	321	0	0
br_misp_retired.ret:u	322	0	0
br_misp_retired.ret:u	323	0	0
br_misp_retired.ret:u	324	0	0
br_misp_retired.ret:u	325	0	0
br_misp_retired.ret:u	326	0	0
br_misp_retired.ret:u	327	0	0
br_misp_retired.ret:u	328	0	0
br_misp_retired.ret:u	329	0	0
br_misp_retired.ret:u	330	0	0
br_misp_retired.ret:u	331	0	0
br_misp_retired.ret:u	332	0	0
br_misp_retired.ret:u	333	0	0
br_misp_retired.ret:u	334	0	0
br_misp_retired.ret:u	335	0	0
br_misp_retired.ret:u	336	1	0
uops_dispatched.port_5_11:u	1	2268764767	0
uops_dispatched.port_5_11:u	2	2268754583	0
