event	round	overflow_threshold	count	skid	ip	error
br_inst_retired.cond:u	1	100032	100065	33	0x401072	
br_inst_retired.cond:u	2	100032	100065	33	0x401072	
br_inst_retired.cond:u	3	100032	100065	33	0x401072	
br_inst_retired.cond:u	4	100032	100065	33	0x401072	
br_inst_retired.cond:u	5	100032	100065	33	0x401072	
br_inst_retired.cond:u	6	100032	100065	33	0x401072	
br_inst_retired.cond:u	7	100032	100065	33	0x401072	
br_inst_retired.cond:u	8	100032	100065	33	0x401072	
br_inst_retired.cond:u	9	100032	100065	33	0x401072	
br_inst_retired.cond:u	10	100032	100065	33	0x401072	
br_inst_retired.cond:u	11	100032	100065	33	0x401072	
br_inst_retired.cond:u	12	100032	100065	33	0x401072	
br_inst_retired.cond:u	13	100032	100065	33	0x401072	
br_inst_retired.cond:u	14	100032	100065	33	0x401072	
br_inst_retired.cond:u	15	100032	100065	33	0x401070	
br_inst_retired.cond:u	16	100032	100065	33	0x401072	
br_inst_retired.cond:u	17	100032	100065	33	0x401072	
br_inst_retired.cond:u	18	100032	100065	33	0x401072	
br_inst_retired.cond:u	19	100032	100065	33	0x401070	
br_inst_retired.cond:u	20	100032	100065	33	0x401072	
br_inst_retired.cond:u	21	100032	100065	33	0x401072	
br_inst_retired.cond:u	22	100032	100065	33	0x401072	
br_inst_retired.cond:u	23	100032	100065	33	0x401072	
br_inst_retired.cond:u	24	100032	100065	33	0x401072	
br_inst_retired.cond:u	25	100032	100065	33	0x401072	
br_inst_retired.cond:u	26	100032	100065	33	0x401072	
br_inst_retired.cond:u	27	100032	100065	33	0x401072	
br_inst_retired.cond:u	28	100032	100065	33	0x401072	
br_inst_retired.cond:u	29	100032	100065	33	0x401072	
br_inst_retired.cond:u	30	100032	100065	33	0x401072	
br_inst_retired.cond:u	31	100032	100065	33	0x401072	
br_inst_retired.cond:u	32	100032	100065	33	0x401072	
br_inst_retired.cond:u	33	100032	100065	33	0x401070	
br_inst_retired.cond:u	34	100032	100065	33	0x401072	
br_inst_retired.cond:u	35	100032	100065	33	0x401070	
br_inst_retired.cond:u	36	100032	100065	33	0x401070	
br_inst_retired.cond:u	37	100032	100065	33	0x401070	
br_inst_retired.cond:u	38	100032	100065	33	0x401070	
br_inst_retired.cond:u	39	100032	100065	33	0x401070	
br_inst_retired.cond:u	40	100032	100065	33	0x401070	
br_inst_retired.cond:u	41	100032	100065	33	0x401070	
br_inst_retired.cond:u	42	100032	100065	33	0x401070	
br_inst_retired.cond:u	43	100032	100065	33	0x401070	
br_inst_retired.cond:u	44	100032	100065	33	0x401070	
br_inst_retired.cond:u	45	100032	100065	33	0x401070	
br_inst_retired.cond:u	46	100032	100065	33	0x401070	
br_inst_retired.cond:u	47	100032	100065	33	0x401070	
br_inst_retired.cond:u	48	100032	100065	33	0x401070	
br_inst_retired.cond:u	49	100032	100065	33	0x401070	
br_inst_retired.cond:u	50	100032	100065	33	0x401070	
br_inst_retired.cond:u	51	100032	100065	33	0x401070	
br_inst_retired.cond:u	52	100032	100065	33	0x401072	
br_inst_retired.cond:u	53	100032	100065	33	0x401072	
br_inst_retired.cond:u	54	100032	100065	33	0x401072	
br_inst_retired.cond:u	55	100032	100065	33	0x401070	
br_inst_retired.cond:u	56	100032	100065	33	0x401072	
br_inst_retired.cond:u	57	100032	100065	33	0x401070	
br_inst_retired.cond:u	58	100032	100065	33	0x401072	
br_inst_retired.cond:u	59	100032	100065	33	0x401070	
br_inst_retired.cond:u	60	100032	100065	33	0x401072	
br_inst_retired.cond:u	61	100032	100065	33	0x401070	
br_inst_retired.cond:u	62	100032	100065	33	0x401070	
br_inst_retired.cond:u	63	100032	100065	33	0x401072	
br_inst_retired.cond:u	64	100032	100065	33	0x401070	
br_inst_retired.cond:u	65	100032	100065	33	0x401070	
br_inst_retired.cond:u	66	100032	100065	33	0x401070	
br_inst_retired.cond:u	67	100032	100065	33	0x401072	
br_inst_retired.cond:u	68	100032	100065	33	0x401072	
br_inst_retired.cond:u	69	100032	100065	33	0x401072	
br_inst_retired.cond:u	70	100032	100065	33	0x401072	
br_inst_retired.cond:u	71	100032	100065	33	0x401072	
br_inst_retired.cond:u	72	100032	100065	33	0x401070	
br_inst_retired.cond:u	73	100032	100065	33	0x401072	
br_inst_retired.cond:u	74	100032	100065	33	0x401072	
br_inst_retired.cond:u	75	100032	100065	33	0x401070	
br_inst_retired.cond:u	76	100032	100065	33	0x401072	
br_inst_retired.cond:u	77	100032	100065	33	0x401072	
br_inst_retired.cond:u	78	100032	100065	33	0x401070	
br_inst_retired.cond:u	79	100032	100065	33	0x401072	
br_inst_retired.cond:u	80	100032	100065	33	0x401072	
br_inst_retired.cond:u	81	100032	100065	33	0x401072	
br_inst_retired.cond:u	82	100032	100065	33	0x401072	
br_inst_retired.cond:u	83	100032	100065	33	0x401070	
br_inst_retired.cond:u	84	100032	100065	33	0x401072	
br_inst_retired.cond:u	85	100032	100065	33	0x401072	
br_inst_retired.cond:u	86	100032	100065	33	0x401070	
br_inst_retired.cond:u	87	100032	100065	33	0x401072	
br_inst_retired.cond:u	88	100032	100065	33	0x401070	
br_inst_retired.cond:u	89	100032	100065	33	0x401072	
br_inst_retired.cond:u	90	100032	100065	33	0x401072	
br_inst_retired.cond:u	91	100032	100065	33	0x401070	
br_inst_retired.cond:u	92	100032	100065	33	0x401070	
br_inst_retired.cond:u	93	100032	100065	33	0x401070	
br_inst_retired.cond:u	94	100032	100065	33	0x401072	
br_inst_retired.cond:u	95	100032	100065	33	0x401070	
br_inst_retired.cond:u	96	100032	100065	33	0x401072	
br_inst_retired.cond:u	97	100032	100065	33	0x401070	
br_inst_retired.cond:u	98	100032	100065	33	0x401072	
br_inst_retired.cond:u	99	100032	100065	33	0x401072	
br_inst_retired.cond:u	100	100032	100065	33	0x401072	
